loc1,ref1,obj1,ctg1,ang1,loc2,ref2,obj2,ctg2,ang2,loc3,ref3,obj3,ctg3,ang3,tc,trial_type
0,6,3,1,0,1,2,1,0,0,1,7,3,1,1,03_11_13,random
0,4,2,1,0,0,0,0,0,0,1,7,3,1,1,02_00_13,outlier_8BL
0,3,1,0,1,1,0,0,0,0,0,2,1,0,0,01_10_01,outlier_9-46d
0,5,2,1,1,1,4,2,1,0,0,0,0,0,0,02_12_00,outlier_10v
0,7,3,1,1,0,1,0,0,1,1,7,3,1,1,03_00_13,outlier_10v
0,3,1,0,1,0,3,1,0,1,1,4,2,1,0,01_01_12,outlier_8BL
0,1,0,0,1,0,0,0,0,0,1,5,2,1,1,00_00_12,outlier_8BL
0,7,3,1,1,1,5,2,1,1,1,0,0,0,0,03_12_10,outlier_10v
0,7,3,1,1,1,6,3,1,0,1,6,3,1,0,03_13_13,outlier_p9-46v
