TrialNumber	loc1	ref1	obj1	ctg1	ang1	loc2	ref2	obj2	ctg2	ang2	loc3	ref3	obj3	ctg3	ang3	tc	ran	order	late_responses_0	stimulus_0_onset	stimulus_0_offset	late_responses_1	stimulus_1_onset	stimulus_1_offset	late_responses_2	stimulus_2_onset	stimulus_2_offset
1	0	7	3	1	1	1	2	1	0	0	1	6	3	1	0	31113.0	1.0	0.0	[]	2.993397	4.486621	[]	6.2233114	7.71611	[]	11.196173	12.688937
2	0	5	2	1	1	0	0	0	0	0	1	7	3	1	1	20013.0	1.0	1.0	[]	17.418955	18.904938	[]	20.648775	22.134428	[]	25.614315	27.107475
3	0	3	1	0	1	1	1	0	0	1	0	2	1	0	0	11001.0	1.0	2.0	[]	31.837536	33.323223	[]	35.06716	36.55271	[]	40.039494	41.525547
4	0	5	2	1	1	1	5	2	1	1	0	1	0	0	1	21200.0	1.0	3.0	[]	46.255615	47.748745	[]	49.485584	50.978046	[]	54.458237	55.94389
5	0	6	3	1	0	0	0	0	0	0	1	7	3	1	1	30013.0	1.0	4.0	[]	60.673927	62.16706	[]	63.903263	65.396416	[]	68.87642	70.36925
6	0	3	1	0	1	0	2	1	0	0	1	4	2	1	0	10112.0	1.0	5.0	[]	75.099236	76.59215	[]	78.328896	79.81478	[]	83.29465	84.78761
7	0	1	0	0	1	0	1	0	0	1	1	4	2	1	0	12.0	1.0	6.0	[]	89.51768	91.00347	[]	92.74694	94.23316	[]	97.71298	99.20588
8	0	7	3	1	1	1	5	2	1	1	1	1	0	0	1	31210.0	1.0	7.0	[]	103.93589	105.429	[]	107.16535	108.658356	[]	112.13832	113.6242
9	0	6	3	1	0	1	6	3	1	0	1	7	3	1	1	31313.0	1.0	8.0	[]	118.35426	119.84712	[]	121.58364	123.07669	[]	126.55677	128.04253
